<?xml version="1.0" encoding="UTF-8"?>
<project-private xmlns="http://www.netbeans.org/ns/project-private/1">
    <editor-bookmarks xmlns="http://www.netbeans.org/ns/editor-bookmarks/2" lastBookmarkId="0"/>
    <open-files xmlns="http://www.netbeans.org/ns/projectui-open-files/2">
        <group>
            <file>file:/C:/Users/WinPro/Downloads/ProgettoDidattico-main/ProgettoDidattico-main/ver%201.0/ver%201.0/src/view/AddUserForm.java</file>
            <file>file:/C:/Users/WinPro/Downloads/ProgettoDidattico-main/ProgettoDidattico-main/ver%201.0/ver%201.0/src/view/Corsi.java</file>
            <file>file:/C:/Users/WinPro/Downloads/ProgettoDidattico-main/ProgettoDidattico-main/ver%201.0/ver%201.0/src/view/Discipline.java</file>
            <file>file:/C:/Users/WinPro/Downloads/ProgettoDidattico-main/ProgettoDidattico-main/ver%201.0/ver%201.0/src/view/Appelli.java</file>
            <file>file:/C:/Users/WinPro/Downloads/ProgettoDidattico-main/ProgettoDidattico-main/ver%201.0/ver%201.0/src/controller/GestoreApp.java</file>
        </group>
    </open-files>
</project-private>
